{
    "interactionID": "GWI-I-011",
    "opID": "HOB",
    "buID": "DEFAULT",
    "statusList": [
        {
            "statusCode": "0000",
            "statusType": "Informational",
            "statusName": "Informational",
            "statusDescription": "SUCCESS"
        }
    ],
    "item": [
        {
            "itemID": "FieldActivity-325752970",
            "itemRequestedChannel": "CSA",
            "itemCategoryID": "FieldActivity",
            "itemTypeID": "Site_Installation",
            "itemSubTypeID": "On_Site_Installation",
            "severity": "1",
            "priority": "2",
            "openDate": "2022-04-07T12:00:44.000+00:00",
            "targetResolutionDate": "2022-04-07T20:00:44.000+00:00",
            "plannedResolutionDate": "2022-04-07T20:00:44.000+00:00",
            "itemContactInfo": [
                {
                    "languageAbility": [],
                    "partyRole": [
                        {
                            "contactMedium": [
                                {
                                    "address": [
                                        {
                                            "addressLine1": "unit_no",
                                            "addressLine2": "building_name",
                                            "addressLine3": "floor_no",
                                            "addressType": "DEFAULT",
                                            "addressLine4": "50450",
                                            "addressLine5": "KUALA LUMPUR",
                                            "addressLine6": "MY",
                                            "addressCharacteristics": []
                                        }
                                    ],
                                    "primaryEmailID": "jackma@gmail.com",
                                    "telephoneNumber": "9089624715",
                                    "dayContactNumber": ""
                                }
                            ],
                            "partyRoleCategory": [],
                            "partyRoleHas": [],
                            "partyRoleFor": [],
                            "partyRoleRelationship": [],
                            "enforcedPolicy": [],
                            "party": {
                                "languageAbility": [],
                                "partyRole": [],
                                "partyRoleId": [],
                                "partyType": "INDIVIDUAL",
                                "individualName": [
                                    {
                                        "formOfAddress": "Mr.",
                                        "givenName": "jackma",
                                        "familyName": "jackma"
                                    }
                                ],
                                "identification": [],
                                "country": []
                            },
                            "preferredContactMedium": "EMAIL"
                        }
                    ],
                    "partyRoleId": [],
                    "partyType": "INDIVIDUAL"
                }
            ],
            "businessInformation": {
                "orderID": "O10471613",
                "customerID": "C44203635",
                "accountID": "A10352713",
                "susbcriberID": "S10411213",
                "telephoneNumber": "$MSISDN",
                "receivedDate": "2022-04-07T12:00:44.000+00:00"
            },
            "escalationLevel": "2",
            "openedByGroup": {
                "assignedGroup": "Supervisor&Installer"
            },
            "statusList": {
                "itemStatus": [
                    {
                        "subStatus": "Open",
                        "taskStatus": []
                    }
                ]
            },
            "attributeList": {
                "attribute": [
                    {
                        "name": "INSTALLER_ARRIVAL_DATE_TIME",
                        "value": "Mon Dec 13 23:16:30 MYT 2021"
                    },
                    {
                        "name": "STREET_NAME",
                        "value": "Jalan"
                    },
                    {
                        "name": "LOCATION",
                        "value": "Kedah"
                    },
                    {
                        "name": "LONGITUDE",
                        "value": "180"
                    },
                    {
                        "name": "LATITUDE",
                        "value": "180"
                    },
                    {
                        "name": "BTU_ID",
                        "value": "12894675"
                    },
                    {
                        "name": "RGW_ID",
                        "value": "159086352"
                    },
                    {
                        "name": "ITEM_COMPLAINT_LEVEL",
                        "value": "Normal"
                    },
                    {
                        "name": "ITEM_TYPE_ID",
                        "value": "Site_Installation"
                    },
                    {
                        "name": "ACCOUNT_ID",
                        "value": "A10352713"
                    },
                    {
                        "name": "CONTACT_INFO",
                        "value": "[{COMMUNICATION_MODE_INFO=jackma@gmail.com, LETTER=unit_no,building_name,floor_no,50450,KUALA LUMPUR,MY, PRIMARY_EMAIL_ADDRESS=jackma@gmail.com, WHITEMAIL=unit_no,building_name,floor_no,50450,KUALA LUMPUR,MY, PHONE=, ALT_CONTACT_NUMBER=, EMAIL=jackma@gmail.com, IS_ACTIVE=Y, COMMUNICATION_MODE=EMAIL, LAST_NAME=jackma, FIRST_NAME=jackma, CONTACT_ADDRESS=unit_no,building_name,floor_no,50450,KUALA LUMPUR,MY, PRIMARY_CONTACT_NUMBER=9089624715, PARTY_TYPE=Individual, TITLE=Mr., MIDDLE_NAME=null, MOBILE=9089624715}]"
                    },
                    {
                        "name": "ORDER_LINE_ID",
                        "value": "OL10434104"
                    },
                    {
                        "name": "SERVICE_INSTANCE_ID",
                        "value": "SI10476214"
                    },
                    {
                        "name": "ATOMIC_ORDER_ID",
                        "value": "AO1517823"
                    },
                    {
                        "name": "ITEM_TARGET_RESPONSE_DATE",
                        "value": "Thu Apr 07 20:00:43 MYT 2022"
                    },
                    {
                        "name": "ITEM_CONTACT_DETAIL",
                        "value": "Web"
                    },
                    {
                        "name": "EXT_SERVICE_ID",
                        "value": "$EXT_SERVICE_ID"
                    },
                    {
                        "name": "ITEM_PARTY_IDENTIFIER",
                        "value": "C44203635"
                    },
                    {
                        "name": "ITEM_SUB_TYPE",
                        "value": "On_Site_Installation"
                    },
                    {
                        "name": "CUSTOMER",
                        "value": "C44203635"
                    },
                    {
                        "name": "PROCESS_INSTANCE_ID",
                        "value": "OL10434104PI12935133"
                    },
                    {
                        "name": "FALLBACK_TO_OP_ID",
                        "value": "HOB"
                    },
                    {
                        "name": "CORRELATION_ID",
                        "value": "AO1517823_293375"
                    },
                    {
                        "name": "CHANNEL_ID",
                        "value": "CSA"
                    },
                    {
                        "name": "ITEM_COMPLAINT_REF_ID",
                        "value": "Phone"
                    },
                    {
                        "name": "ITEM_COMPLAINT_MODE",
                        "value": "Phone"
                    },
                    {
                        "name": "PAYER",
                        "value": "A10352713"
                    },
                    {
                        "name": "ITEM_LOGGED",
                        "value": "test"
                    },
                    {
                        "name": "ENG",
                        "value": "EN"
                    },
                    {
                        "name": "FALLBACK_OP_ID",
                        "value": "HOB"
                    },
                    {
                        "name": "OP_ID",
                        "value": "HOB"
                    },
                    {
                        "name": "FALLBACK_BU_ID",
                        "value": "DEFAULT"
                    },
                    {
                        "name": "ITEM_USER_ACTION",
                        "value": "New Item Creation"
                    },
                    {
                        "name": "ITEM_PARTY_ROLE_ID",
                        "value": "CUSTOMER"
                    },
                    {
                        "name": "BU_ID",
                        "value": "DEFAULT"
                    },
                    {
                        "name": "SUBSCRIBER_TN",
                        "value": "$MSISDN"
                    },
                    {
                        "name": "CUSTOMERID",
                        "value": "C44203635"
                    },
                    {
                        "name": "PFF_ID",
                        "value": "ONSITE_INSTALLATION_FS00010"
                    },
                    {
                        "name": "BUS_INFO_EXTN",
                        "value": "{SERVICE_INSTANCE_ID=SI10476214}"
                    },
                    {
                        "name": "PROV_ORDER_ID",
                        "value": "PO1397145"
                    },
                    {
                        "name": "ITEM_CREATED_BY",
                        "value": "test"
                    },
                    {
                        "name": "ITEM_CATEGORY_ID",
                        "value": "FieldActivity"
                    },
                    {
                        "name": "ITEM_CREATED_ON",
                        "value": "Thu Apr 07 20:00:43 MYT 2022"
                    },
                    {
                        "name": "USER",
                        "value": "S10411213"
                    },
                    {
                        "name": "ITEM_RECIEVE_DATE",
                        "value": "Thu Apr 07 20:00:43 MYT 2022"
                    },
                    {
                        "name": "INTERACTION_TYPE_ID",
                        "value": "1"
                    },
                    {
                        "name": "FALLBACK_TO_BU_ID",
                        "value": "DEFAULT"
                    },
                    {
                        "name": "ORDER_ID",
                        "value": "O10471613"
                    },
                    {
                        "name": "CUSTOMER_NAME",
                        "value": "jackma jackma"
                    },
                    {
                        "name": "ITEM_TARGET_RESOLUTION_DATE",
                        "value": "Thu Apr 07 20:00:42 MYT 2022"
                    }
                ]
            },
            "lastUpdatedDate": "2022-04-07T19:00:02.000+00:00",
            "itemTaskList": [],
            "itemFollowUpList": [],
            "itemCommsInfo": []
        }
    ]
}